"Source:","/home/maxpayne/projects/maxlab/internal/ai-camera/ai-camera-pcb/ai-camera-rev3/ai-camera-rev3.kicad_sch"
"Date:","Sat 20 May 2023 10:39:44 PM PDT"
"Tool:","Eeschema 7.0.1"
"Generator:","/usr/share/kicad/plugins/bom_csv_grouped_by_value.py"
"Component Count:","176"

"Collated Components:"

"Item","Qty","Reference(s)","Value","LibPart","Footprint","Datasheet","DNP","DCR","LNK1","LNK2","MFR","MPN","Pmax","Rating","SNB1","SNB2","SPL1","SPL2","SPN1","SPN2","TCR","Tolerance","Type","UserValue"
"1","7","C1, C11, C12, C25, C38, C39, C40","100u_CASE-B-3528_TAJB107K006RNJ","00-kiml-capacitors-smd:100u_CASE-B-3528_TAJB107K006RNJ","00-kiml-capacitor-tantalum:CP_EIA-3528-15_AVX-H","https://datasheet.lcsc.com/lcsc/2111161030_Kyocera-AVX-TAJB107K006RNJ-_C16133.pdf","","","https://jlcpcb.com/partdetail/KyoceraAvx-TAJB107K006RNJ/C16133","","Kyocera AVX","TAJB107K006RNJ","","6.3V","Basic Part","","JLCPCB","","C16133","","","10%","","100u"
"2","48","C2, C3, C4, C5, C6, C7, C8, C9, C10, C13, C14, C15, C16, C18, C19, C20, C21, C22, C23, C24, C26, C27, C28, C29, C30, C31, C32, C33, C34, C35, C36, C37, C41, C42, C43, C44, C45, C46, C47, C49, C50, C51, C52, C53, C54, C55, C56, C57","10u_0402_CL05A105KA5NQNC","00-kiml-capacitors-smd:1u_0402_CL05A105KA5NQNC","Capacitor_SMD:C_0402_1005Metric","https://datasheet.lcsc.com/lcsc/1811091611_Samsung-Electro-Mechanics-CL05A105KA5NQNC_C52923.pdf","","","https://jlcpcb.com/partdetail/53938-CL05A105KA5NQNC/C52923","","Samsung","CL05A105KA5NQNC","","25V","Basic Part","","JLCPCB","","C52923","","","10%","","1u"
"3","2","C17, C48","22p_0402_0402CG220J500NT","00-kiml-capacitors-smd:22p_0402_0402CG220J500NT","Capacitor_SMD:C_0402_1005Metric","https://datasheet.lcsc.com/lcsc/1811141710_FH--Guangdong-Fenghua-Advanced-Tech-0402CG220J500NT_C1555.pdf","","","https://jlcpcb.com/partdetail/1907-0402CG220J500NT/C1555","","FH","0402CG220J500NT","","50V","Basic part","","JLCPCB","","C1555","","","5%","C0G","22p"
"4","2","D1, D7","0603_RED_KT-0603R","00-kiml-led-smd:0603_RED_KT-0603R","LED_SMD:LED_0603_1608Metric","https://datasheet.lcsc.com/lcsc/1810231112_Hubei-KENTO-Elec-KT-0603R_C2286.pdf","","","https://jlcpcb.com/partdetail/Hubei_KentoElec-KT0603R/C2286","","Hubei KENTO","KT-0603R","","","Basic part","","JLCPCB","","C2286","","","","","~{CHRG}"
"5","1","D2","0603_GREEN_19-217/GHC-YR1S2/3T","00-kiml-led-smd:0603_GREEN_19-217{slash}GHC-YR1S2{slash}3T","LED_SMD:LED_0603_1608Metric","","","","https://jlcpcb.com/partdetail/EverlightElec-19_217_GHC_YR1S23T/C72043","","Everlight","19-217/GHC-YR1S2/3T","","","Basic part","","JLCPCB","","C72043","","","","","~{STDBY}"
"6","3","D3, D4, D5","SOD-523_BSD5C051L","00-kiml-power-protection:SOD-523_BSD5C051L","Diode_SMD:D_SOD-523","https://datasheet.lcsc.com/lcsc/1810161421_BORN-BSD5C051L_C151983.pdf","","","https://jlcpcb.com/partdetail/Born-BSD5C051L/C151983","","BORN","BSD5C051L","","","Extended Part","","JLCPCB","","C151983","","","","","TVS 5V"
"7","2","D6, D8","B5819W-SL_SOD-123","00-kiml-diode:B5819W-SL_SOD-123","Diode_SMD:D_SOD-123","https://datasheet.lcsc.com/lcsc/1809140216_Jiangsu-Changjing-Electronics-Technology-Co---Ltd--B5819W-SL_C8598.pdf","","","https://jlcpcb.com/partdetail/9093-B5819WSL/C8598","","Jiangsu Changjing Electronics Technology","B5819W SL","","1A","Basic Part","","JLCPCB","","C8598","","","","","D"
"8","10","D9, D10, D11, D12, D13, D14, D15, D16, D17, D18","0603_IR_850nm_E6C0603IRAC1UDA","00-kiml-led-smd:0603_IR_850nm_E6C0603IRAC1UDA","LED_SMD:LED_0603_1608Metric","https://datasheet.lcsc.com/lcsc/1912111437_EKINGLUX-E6C0603IRAC1UDA-850nm_C396643.pdf","","","https://jlcpcb.com/partdetail/Ekinglux-E6C0603IRAC1UDA_850nm/C396643","","EKINGLUX","E6C0603IRAC1UDA","","","Extended Part","","JLCPCB","","C396643","","","","","LED_IR"
"9","4","H1, H2, H3, H4","MountingHole_Pad","Mechanical:MountingHole_Pad","MountingHole:MountingHole_3.2mm_M3_Pad_TopBottom","~","","","","","","","","","","","","","","","","","",""
"10","1","J1","Conn-01x02_P2mm_NONAME_JST-PH_C47647","00-kiml-connector-jst:Conn-01x02_P2mm_NONAME_JST-PH_C47647","00-kiml-connector-jst:JST_PH_S2B-PH-SM4-TB_1x02-1MP_P2.00mm_Horizontal","https://datasheet.lcsc.com/lcsc/1912111436_BOOMELE-Boom-Precision-Elec-C47647_C47647.pdf","","","https://jlcpcb.com/partdetail/boomele_boom_Precision_elec-C47647/C47647","","BOOMELE","C47647","","","Extended Part","","JLCPCB","","C47647","","","","","BATT"
"11","1","J2","TYPE-C-31-M-12","00-kiml-connector-usb:USB_C_Receptacle_USB2.0_TYPE-C-31-M-12","00-kiml-connector-usb:USB_C_Receptacle_HRO_TYPE-C-31-M-12","https://datasheet.lcsc.com/lcsc/2205251630_Korean-Hroparts-Elec-TYPE-C-31-M-12_C165948.pdf","","","https://jlcpcb.com/partdetail/Korean_HropartsElec-TYPE_C_31_M12/C165948","","Korean Hroparts","TYPE-C-31-M-12","","","Extended Part","","JLCPCB","","C165948","","","","","USB-C"
"12","1","J3","MAXLAB","Connector_Generic:Conn_01x10","Connector:Tag-Connect_TC2050-IDC-FP_2x05_P1.27mm_Vertical","~","","","","","","","","","","","","","","","","","",""
"13","1","J4","Conn-02x10_P2.54mm_B-2100S20P-B110","00-kiml-connector:Conn-02x10_P2.54mm_B-2100S20P-B110","Connector_PinHeader_2.54mm:PinHeader_2x10_P2.54mm_Vertical","https://datasheet.lcsc.com/lcsc/1810241611_Ckmtw-Shenzhen-Cankemeng-B-2100S20P-B110_C124359.pdf","","","https://jlcpcb.com/partdetail/125634-B_2100S20PB110/C124359","","Ckmtw","B-2100S20P-B110","","","","","JLCPCB","","C124359","","","","","USR_EXT"
"14","1","J5","Conn-01x02_P1.25mm_10114829-10102LF","00-kiml-connector:Conn-01x02_P1.25mm_10114829-10102LF","00-kiml-connector-amphenol:10114829-10102LF","https://datasheet.lcsc.com/lcsc/1811011512_Amphenol-ICC-10114829-10102LF_C239062.pdf","","","https://www.digikey.com/en/products/detail/amphenol-icc-fci/10114829-10102LF/2658929","https://jlcpcb.com/partdetail/AmphenolIcc-1011482910102LF/C239062","Amphenol ICC (FCI)","10114829-10102LF","","","","Extended Part","Digikey","JLCPCB","609-4383-2-ND","C239062","","","","IRCUT"
"15","1","J6","Conn_01x24_FFC_0.5mm_AFC01-S24FCC-00","00-kiml-connector-fpc-ffc:Conn_01x24_FFC_0.5mm_AFC01-S24FCC-00","00-kiml-connector-fpc-ffc:Jushuo_AFC01-S24FCC-00_1x24-1MP_P0.50_Horizontal","https://datasheet.lcsc.com/lcsc/1811021338_JUSHUO-AFC01-S24FCC-00_C262276.pdf","","","https://jlcpcb.com/partdetail/Jushuo-AFC01_S24FCC00/C262276","","JUSHUO","AFC01-S24FCC-00","","","Extended Part","","JLCPCB","","C262276","","","","","CAMERA"
"16","1","JP1","USB_PWR","Jumper:SolderJumper_2_Bridged","Jumper:SolderJumper-2_P1.3mm_Bridged2Bar_Pad1.0x1.5mm","~","","","","","","","","","","","","","","","","","",""
"17","1","JP2","PIR","Jumper:SolderJumper_2_Bridged","Jumper:SolderJumper-2_P1.3mm_Bridged2Bar_Pad1.0x1.5mm","~","","","","","","","","","","","","","","","","","",""
"18","3","L1, L2, L4","FB_2A_0805_220R@100MHz_BLM21PG221SN1D","00-kiml-inductors:FB_2A_0805_220R@100MHz_BLM21PG221SN1D","Inductor_SMD:L_0805_2012Metric_Pad1.15x1.40mm_HandSolder","~","","","https://jlcpcb.com/partdetail/MurataElectronics-BLM21PG221SN1D/C85840","","Murata Electronics","BLM21PG221SN1D","","2A","","","JLCPCB","","C85840","","","","","FB"
"19","2","L3, L5","10u_1.5A_4x4mm_SWPA4030S100MT","00-kiml-inductors:10u_1.5A_4x4mm_SWPA4030S100MT","00-kiml-inductor-smd:L_Sunlord_SWPA40xxS","https://datasheet.lcsc.com/lcsc/2110091630_Sunlord-SWPA4030S100MT_C38117.pdf","","130m","https://jlcpcb.com/partdetail/Sunlord-SWPA4030S100MT/C38117","","Sunlord","SWPA4030S100MT","","1.5A","","","JLCPCB","","C38117","","","","","10u"
"20","6","Q1, Q2, Q5, Q7, Q9, Q10","2N7002","00-kiml-transistor-fet:2N7002","Package_TO_SOT_SMD:SOT-23","https://datasheet.lcsc.com/lcsc/1810151612_Jiangsu-Changjing-Electronics-Technology-Co---Ltd--2N7002_C8545.pdf","","","https://jlcpcb.com/partdetail/9040-2N7002/C8545","","JCET","2N7002","","","Basic Part","","JLCPCB","","C8545","","","","","2N7002"
"21","4","Q3, Q4, Q6, Q8","AO3401A","00-kiml-transistor-fet:AO3401A","Package_TO_SOT_SMD:SOT-23","https://datasheet.lcsc.com/lcsc/1810171817_Alpha---Omega-Semicon-AO3401A_C15127.pdf","","","https://lcsc.com/product-detail/MOSFETs_Alpha-Omega-Semicon-AO3401A_C15127.html","https://jlcpcb.com/partdetail/Alpha_OmegaSemicon-AO3401A/C15127","Alpha & Omega Semiconductor Inc.","AO3401A","","","","Basic Part","LCSC","JLCPCB","C15127","C15127","","","","AO3401A"
"22","3","R1, R2, R23","976k_0402_0402WGD9763TCE","00-kiml-resistors-smd:976k_0402_0402WGD9763TCE","Resistor_SMD:R_0402_1005Metric","https://datasheet.lcsc.com/lcsc/2205312216_UNI-ROYAL-Uniroyal-Elec-0402WGD9763TCE_C423262.pdf","","","https://jlcpcb.com/partdetail/416212-0402WGD9763TCE/C423262","","UNI-ROYAL","0402WGD9763TCE","","","Extended Part","","JLCPCB","","C423262","","","0.5%","","976k"
"23","13","R3, R13, R15, R16, R17, R18, R19, R21, R22, R24, R25, R31, R32","215k_0402_0402WGD2153TCE","00-kiml-resistors-smd:215k_0402_0402WGD2153TCE","Resistor_SMD:R_0402_1005Metric","https://datasheet.lcsc.com/lcsc/2205312216_UNI-ROYAL-Uniroyal-Elec-0402WGD2153TCE_C423299.pdf","","","https://jlcpcb.com/partdetail/416249-0402WGD2153TCE/C423299","","UNI-ROYAL","0402WGD2153TCE","","","Extended Part","","JLCPCB","","C423299","","","0.5%","","215k"
"24","3","R4, R5, R28","1k_0402_0402WGF1001TCE","00-kiml-resistors-smd:1k_0402_0402WGF1001TCE","Resistor_SMD:R_0402_1005Metric","https://datasheet.lcsc.com/lcsc/2206010216_UNI-ROYAL-Uniroyal-Elec-0402WGF1001TCE_C11702.pdf","","","https://jlcpcb.com/partdetail/12256-0402WGF1001TCE/C11702","","UNI-ROYAL","0402WGF1001TCE","62.5mW","","Basic part","","JLCPCB","","C11702","","","1%","","1k"
"25","11","R6, R7, R10, R11, R12, R14, R20, R26, R27, R29, R30","10k_0402_0402WGF1002TCE","00-kiml-resistors-smd:10k_0402_0402WGF1002TCE","Resistor_SMD:R_0402_1005Metric","https://datasheet.lcsc.com/lcsc/2206010100_UNI-ROYAL-Uniroyal-Elec-0402WGF1002TCE_C25744.pdf","","","https://jlcpcb.com/partdetail/26487-0402WGF1002TCE/C25744","","UNI-ROYAL","0402WGF1002TCE","62.5mW","","Basic part","","JLCPCB","","C25744","","100ppm","1%","","10k"
"26","2","R8, R9","5.1k_0603_0603WAF5101T5E","00-kiml-resistors-smd:5.1k_0603_0603WAF5101T5E","Resistor_SMD:R_0603_1608Metric","https://datasheet.lcsc.com/lcsc/2206010116_UNI-ROYAL-Uniroyal-Elec-0603WAF5101T5E_C23186.pdf","","","https://jlcpcb.com/partdetail/23913-0603WAF5101T5E/C23186","","UNI-ROYAL","0603WAF5101T5E","","","Basic Part","","JLCPCB","","C23186","","","1%","","5.1k"
"27","1","R33","2.43R_0805_0805W8F243KT5E","00-kiml-resistors-smd:2.43R_0805_0805W8F243KT5E","Resistor_SMD:R_0805_2012Metric","https://datasheet.lcsc.com/lcsc/2205311916_UNI-ROYAL-Uniroyal-Elec-0805W8F243KT5E_C247100.pdf","","","https://jlcpcb.com/partdetail/244308-0805W8F243KT5E/C247100","","UNI-ROYAL","0805W8F243KT5E","","","Extended Part","","JLCPCB","","C247100","","","1%","","2.43R"
"28","2","SW1, SW4","SW_PB_90deg_K2-1102AQ-H4CW-01","00-kiml-switch-button-tht:SW_PB_90deg_K2-1102AQ-N4CW-01","00-kiml-switch-button-tht:SW_PB_90deg_K2-1102AQ-H4CW-01","https://datasheet.lcsc.com/lcsc/2012052036_Korean-Hroparts-Elec-K2-1102AQ-H4CW-01_C961738.pdf","","","https://jlcpcb.com/partdetail/1041843-K2_1102AQ_H4CW01/C961738","","Korean Hroparts","K2-1102AQ-N4CW-01","","","Extended Part","","JLCPCB","","C338650","","","","","PWR_ON"
"29","2","SW2, SW3","SW_PB_TS-1187A-B-A-B","00-kiml-switch-button-smd:SW_PB_TS-1187A-B-A-B","Button_Switch_SMD:SW_SPST_TL3342","https://datasheet.lcsc.com/lcsc/2002271431_XKB-Connectivity-TS-1187A-B-A-B_C318884.pdf","","","https://jlcpcb.com/partdetail/XkbConnectivity-TS_1187A_B_AB/C318884","","XKB Connectivity","TS-1187A-B-A-B","","","Basic Part","","JLCPCB","","C318884","","","","","BOOT"
"30","24","TP1, TP2, TP3, TP4, TP5, TP6, TP7, TP8, TP9, TP10, TP11, TP12, TP13, TP14, TP15, TP16, TP17, TP18, TP19, TP20, TP21, TP22, TP23, TP24","TestPoint","Connector:TestPoint","TestPoint:TestPoint_Pad_D1.0mm","~","","","","","","","","","","","","","","","","","",""
"31","1","U1","TP4057-42-SOT26-R","00-kiml-battery-management:TP4057-42-SOT26-R","Package_TO_SOT_SMD:SOT-23-6","https://datasheet.lcsc.com/lcsc/1811021622_TOPPOWER-Nanjing-Extension-Microelectronics-TP4057-42-SOT26-R_C12044.pdf","","","https://jlcpcb.com/partdetail/12599-TP4057_42_SOT26R/C12044","","TOPPOWER","TP4057-42-SOT26-R","","","Basic Part","","JLCPCB","","C12044","","","","","TP4057"
"32","2","U2, U7","XC6206-2.8V","00-kiml-regulator-linear:XC6206-2.8V","Package_TO_SOT_SMD:SOT-23","https://datasheet.lcsc.com/lcsc/2109071530_YONGYUTAI-XC6206-2-8V_C2892669.pdf","","","https://jlcpcb.com/partdetail/Yongyutai-XC6206_28V/C2892669","","YONGYUTAI","XC6206-2.8V","","","Extended Part","","JLCPCB","","C2892669","","","","","XC6206-2.8V"
"33","1","U3","PCF85063AT","00-kiml-timer-rtc:PCF85063AT/AAZ","Package_SO:SO-8_3.9x4.9mm_P1.27mm","https://www.nxp.com/docs/en/data-sheet/PCF85063A.pdf","","","https://jlcpcb.com/partdetail/NxpSemicon-PCF85063ATAAZ/C2157792","","NXP Semiconductors","PCF85063AT/AAZ","","","Extended Part","","JLCPCB","","C2157792","","","","","PCF85063A"
"34","1","U4","TI_SN74LVC1G373DBVR","00-kiml-74xGxx:TI_SN74LVC1G373DBVR","Package_TO_SOT_SMD:SOT-23-6","https://www.ti.com/cn/lit/ds/symlink/sn74lvc1g373.pdf","","","https://jlcpcb.com/partdetail/TexasInstruments-SN74LVC1G373DBVR/C128413","","Texas Instruments","SN74LVC1G373DBVR","","","Extended Part","","JLCPCB","","C128413","","","","","D-LATCH"
"35","1","U5","SY8089AAAC","00-kiml-regulator-switching:SY8089AAAC","Package_TO_SOT_SMD:SOT-23-5","https://datasheet.lcsc.com/lcsc/2108261630_Silergy-Corp-SY8089AAAC_C78988.pdf","","","https://jlcpcb.com/partdetail/SilergyCorp-SY8089AAAC/C78988","","Silergy","SY8089AAAC","","","Extended Part","","JLCPCB","","C78988","","","","","SY8089AAAC"
"36","1","U6","PIR_AS312","00-kiml-optical:PIR_AS312","00-kiml-optical:AS312","https://datasheet.lcsc.com/lcsc/2004261131_Senba-Sensing-Tech-AS312_C90465.pdf","","","https://jlcpcb.com/partdetail/Senba_SensingTech-AS312/C90465","","Senba Sensing","AS312","","","Extended Part","","JLCPCB","","C90465","","","","","AS312"
"37","1","U8","RT9166-12GVL","00-kiml-regulator-linear:RT9166-12GVL","Package_TO_SOT_SMD:SOT-23","https://datasheet.lcsc.com/lcsc/1810312311_Richtek-Tech-RT9166-12GVL_C29175.pdf","","","https://jlcpcb.com/partdetail/RichtekTech-RT916612GVL/C29175","","Richtek Tech","RT9166-12GVL","","","Extended Part","","JLCPCB","","C29175","","","","","RT9166-12GVL"
"38","1","U9","AP1511B","00-kiml-ircut-driver:AP1511B","Package_TO_SOT_SMD:SOT-23-6","https://datasheet.lcsc.com/lcsc/2208021730_UMW-Youtai-Semiconductor-Co---Ltd--AP1511B_C347457.pdf","","","https://lcsc.com/product-detail/Motor-Driver-ICs_UMW-Youtai-Semiconductor-Co-Ltd-AP1511B_C347457.html","https://jlcpcb.com/partdetail/324117-AP1511B/C347457","UMW","AP1511B","","","","Extended Part","LCSC","JLCPCB","C347457","C347457","","","","AP1511B"
"39","1","U10","ESP32-S3-WROOM-1-N16R8","00-kiml-rf-module:ESP32-S3-WROOM-1-N16R8","00-kiml-rf-module:ESP32-S3-WROOM-1","https://www.espressif.com/sites/default/files/documentation/esp32-s3-wroom-1_wroom-1u_datasheet_en.pdf","","","https://www.lcsc.com/product-detail/WiFi-Modules_Espressif-Systems-ESP32-S3-WROOM-1-N16R8_C2913202.html","https://jlcpcb.com/partdetail/3198300-ESP32_S3_WROOM_1N16R8/C2913202","Espressif","ESP32-S3-WROOM-1-N16R8","","","","Extended part","LCSC","JLCPCB","C2913202","C2913202","","","","ESP32-S3-WROOM-1"
"40","1","U11","MT9284-28J","00-kiml-driver-led:MT9284-28J","Package_TO_SOT_SMD:SOT-23-6","https://datasheet.lcsc.com/lcsc/1806041028_XI-AN-Aerosemi-Tech-MT9284-28J_C181780.pdf","","","https://jlcpcb.com/partdetail/xi_an_AerosemiTech-MT928428J/C181780","","AEROSEMI","MT9284-28J","","","Extended Part","","JLCPCB","","C181780","","","","","MT9284-28J"
"41","1","U12","LTR-303ALS-01","00-kiml-optical:LTR-303ALS-01","00-kiml-optical:Lite-On_LTR-303ALS-01","https://datasheet.lcsc.com/lcsc/1912111437_Lite-On-LTR-303ALS-01_C364577.pdf","","","https://www.lcsc.com/product-detail/Ambient-Light-Sensors_Lite-On-LTR-303ALS-01_C364577.html","","Lite-On","LTR-303ALS-01","","","Extended Part","","JLCPCB","","C364577","","","","","LTR-303ALS-01"
"42","1","Y1","32.768kHz_Q13FC1350000400","00-kiml-crystal:32.768kHz_Q13FC1350000400","00-kiml-crystal-smd:Crystal_SMD_3215-2Pin_3.2x1.5mm","https://datasheet.lcsc.com/lcsc/1810171817_Seiko-Epson-Q13FC1350000400_C32346.pdf","","","https://jlcpcb.com/partdetail/SeikoEpson-Q13FC1350000400/C32346","","Seiko Epson","Q13FC1350000400","","","Basic Part","","JLCPCB","","C32346","","","","","32.768kHz"
